<?xml version="1.0" encoding="UTF-8"?>

<!DOCTYPE mapper
    PUBLIC "-//mybatis.org//DTD Mapper 3.0//EN"
    "https://mybatis.org/dtd/mybatis-3-mapper.dtd">
    
<mapper namespace="com.javalec.final_hobbyplanet.dao.BoardDAO">
	<!-- 게시글 삽입 쿼리 -->
	<insert id="insertBoard" parameterType="hashmap">
		INSERT INTO BOARDTABLE VALUES(BOARDTABLE_SEQ.NEXTVAL, #{b_id}, #{b_nickname}, #{b_title}, #{b_content}, #{b_count}, #{b_pwd}, #{b_admindel})
	</insert>
	
	<!-- 게시판 목록 출력 쿼리 -->
	<select id="listBoard" resultType="com.javalec.final_hobbyplanet.dto.BoardDTO">
		SELECT b_idx, b_id, b_nickname, b_title, b_content, b_date, b_count, b_pwd, b_admindel FROM BOARDTABLE ORDER BY b_idx desc
	</select>

	<!-- 조회수 쿼리 -->
	<update id="hitBoard" parameterType="hashmap">
		UPDATE BOARDTABLE SET b_count = b_count+1 WHERE b_idx = #{b_idx}
	</update>
		
	<!-- 게시글 출력 쿼리 -->
	<select id="getBoard" parameterType="hashmap" resultType="com.javalec.final_hobbyplanet.dto.BoardDTO">
		SELECT b_idx, b_id, b_nickname, b_title, b_content, b_date, b_count, b_pwd, b_admindel FROM BOARDTABLE WHERE b_idx = #{b_idx}
	</select>
		
	<!-- 게시글에 작성된 댓글 출력하는 쿼리 -->
	<select id="getBoardComment" parameterType="hashmap" resultType="com.javalec.final_hobbyplanet.dto.BoardCommentDTO">
		SELECT * FROM SEMI_BOARDCOMMENT WHERE BC_BIDX = #{bc_bidx}
	</select>

	<!-- 게시글에 작성된 댓글 삭제하는 쿼리 -->
	<delete id="deleteBoardComment" parameterType="hashmap">
		DELETE FROM BOARDCOMMENT WHERE bc_bidx = #{bc_bidx} 
	</delete>
		
	<!-- 게시글에 해당하는 비밀번호 불러오는 쿼리 -->
	<select id="pwdBoard" parameterType="hashmap" resultType="com.javalec.final_hobbyplanet.dto.BoardDTO">
		SELECT b_pwd FROM BOARDTABLE WHERE b_idx = #{b_idx}
	</select>

	<!-- 게시글 삭제 쿼리 -->
	<delete id="deleteBoard" parameterType="hashmap">
		DELETE FROM SEMI_BOARDTABLE WHERE b_idx = #{b_idx} 
	</delete>
	
	<!-- 게시글 수정 쿼리 -->
	<update id="editBoard" parameterType="hashmap">
		UPDATE SEMI_BOARDTABLE SET b_id= #{b_id}
								 , b_nickname= #{b_nickname}
								 , b_title= #{b_title}
								 , b_content=#{b_content}
								 , b_admindel=#{b_admindel} 
							 WHERE b_idx = #{b_idx}
	</update>
</mapper>