<?xml version="1.0" encoding="UTF-8"?>

<!DOCTYPE mapper
    PUBLIC "-//mybatis.org//DTD Mapper 3.0//EN"
    "https://mybatis.org/dtd/mybatis-3-mapper.dtd">
    
<mapper namespace="com.javalec.final_hobbyplanet.dao.JoinDAO">
	<!-- 기존 기능 -->
	<!-- 모집글 리스트 출력 -->
	<select id="listJoin" resultType="com.javalec.final_hobbyplanet.dto.JoinDTO">
		SELECT j_idx, j_nickname, j_city, j_hobbyB, j_title, j_Dday, j_Mday, j_count, j_maxmem, j_nowmem, j_end, j_admindel 
			FROM JOINTABLE 
			ORDER BY j_Dday asc
	</select>
	
	<!-- 모집글 작성 -->
	<insert id="writeJoin" parameterType="hashmap">
		INSERT INTO JOINTABLE(j_idx, j_id, j_nickname, j_city, j_location, j_hobbyB, j_hobbyS, j_title, j_Dday, j_Mday, j_count, j_cost, j_maxmem, j_nowmem, j_content, j_pwd, j_end, j_admindel) 
			VALUES(JOINTABLE_SEQ.NEXTVAL, #{j_id}, #{j_nickname}, #{j_city}, #{j_location}, #{j_hobbyB}, #{j_hobbyS}, #{j_title}, #{j_Dday}, #{j_Mday}, 0, #{j_cost}, #{j_maxmem}, 1, #{j_content}, #{j_content}, 1, 1) 
	</insert>
	
	<!-- 모집글 보기 -->
	<select id="viewJoin" parameterType="hashmap" resultType="com.javalec.final_hobbyplanet.dto.JoinDTO">
		SELECT j_idx, j_id, j_nickname, j_city, j_location, j_hobbyB, j_hobbyS, j_title, j_date, j_Dday, j_Mday, j_count, j_cost, j_maxmem, j_nowmem, j_content, j_pwd, j_end, j_admindel 
			FROM JOINTABLE 
			WHERE j_idx = #{j_idx}
	</select>
		
	<!-- 모집글 수정 -->
	<update id="editJoin" parameterType="hashmap"> 
		UPDATE JOINTABLE SET j_city = #{j_city}, j_location = #{j_location}, j_hobbyB = #{j_hobbyB}, j_hobbyS = #{j_hobbyS}, j_title = #{j_title}, j_Dday = #{j_Dday}, j_Mday = #{j_Mday}, j_cost = #{j_cost}, j_maxmem = #{j_maxmem}, j_content = #{j_content}, j_pwd = #{j_pwd}, j_admindel = #{j_admindel}
        	WHERE j_idx = #{j_idx}
	</update>
	
	<!-- 모집글 삭제 -->
	<delete id="deleteJoin" parameterType="hashmap">
		DELETE FROM JOINTABLE WHERE j_idx = #{j_idx}
	</delete>
	
	<!-- 모집글 참여 -->
	<insert id="joinJoin">
		
	</insert>
	
	
	
	<!-- 모집글 조회 추가 기능 -->	
	<!-- 조회수 증가 -->
	<update id="upCountJoin" parameterType="hashmap">
		UPDATE JOINTABLE SET j_count = j_count + 1 
			WHERE j_idx = #{j_idx}
	</update>

	<!-- 모집글 삭제 추가 기능 -->
	<!-- 모집글 비밀번호가 맞는지 판단 -->
	<select id="checkPwdJoin" parameterType="hashmap" resultType="com.javalec.final_hobbyplanet.dto.JoinDTO">
		SELECT j_pwd FROM JOINTABLE WHERE j_idx = #{j_idx}
	</select>	
	
	<!-- 모집글 리스트 추가 기능 -->
	<!-- 모집글 종료 -->
	<update id="endJoin" parameterType="hashmap">
		UPDATE JOINTABLE SET j_end = 0
			WHERE j_idx = #{j_idx}
	</update>
</mapper>