<?xml version="1.0" encoding="UTF-8"?>

<!DOCTYPE mapper
    PUBLIC "-//mybatis.org//DTD Mapper 3.0//EN"
    "https://mybatis.org/dtd/mybatis-3-mapper.dtd">
    
<mapper namespace="com.javalec.final_hobbyplanet.dao.NoticeDAO">
	<!-- 공지사항 글 목록 보기 -->
	<select id="listNotice" resultType="com.javalec.final_hobbyplanet.dto.NoticeDTO">
		SELECT n_idx, n_id, n_nickname, n_title, n_content, n_date, n_count FROM NOTICETABLE ORDER BY n_idx desc
	</select>
	
	<!-- 공지사항 글 작성 -->
	<insert id="writeNotice" parameterType="hashmap">
		INSERT INTO NOTICETABLE(n_idx, n_id, n_nickname, n_title, n_content, n_count) VALUES(NOTICETABLE_SEQ.NEXTVAL, #{n_id}, #{n_nickname}, #{n_title}, #{n_content}, 0)
	</insert>
	
	<!-- 공지사항 글번호로 해당 글정보 보기 -->
	<select id="showNotice" parameterType="hashmap" resultType="com.javalec.final_hobbyplanet.dto.NoticeDTO">
        SELECT n_idx, n_id, n_nickname, n_title, n_content, n_date, n_count FROM NOTICETABLE where n_idx = #{n_idx}
    </select>
    
	<!-- 공지사항 조회수 +1 하는 쿼리 -->
    <update id="upCount" parameterType="hashmap">
    	UPDATE NOTICETABLE SET n_count = n_count+1 where n_idx=#{n_idx}
    </update>
    
    <!-- 공지사항 글 수정 -->
    <update id="editNotice" parameterType="hashmap">
    	UPDATE NOTICETABLE SET n_title = #{n_title}, n_content = #{n_content} WHERE n_idx = #{n_idx}
    </update>
    
    <!-- 공지사항 글번호로 해당 글 삭제 -->
    <delete id="deleteNotice" parameterType="hashmap">
    	DELETE FROM NOTICETABLE WHERE n_idx = #{n_idx}
    </delete>
</mapper>