<?xml version="1.0" encoding="UTF-8"?>

<!DOCTYPE mapper
    PUBLIC "-//mybatis.org//DTD Mapper 3.0//EN"
    "https://mybatis.org/dtd/mybatis-3-mapper.dtd">
    
<mapper namespace="com.javalec.final_hobbyplanet.dao.BoardCommentDAO">
	<!-- 댓글 삽입 쿼리 -->
	<insert id="insertBoardComment" parameterType="hashmap">
		INSERT INTO BOARDCOMMENT (bc_idx, bc_bidx, bc_id, bc_nickname, bc_content, bc_date)
		VALUES(BOARDCOMMENT_SEQ.NEXTVAL, #{bc_bidx}, #{bc_id}, #{bc_nickname}, #{bc_content}, sysdate)
	</insert>
	
	<!-- 게시글에 작성된 댓글 출력하는 쿼리 -->
	<select id="listBoardComment" parameterType="hashmap" resultType="com.javalec.final_hobbyplanet.dto.BoardCommentDTO">
		SELECT bc_idx, bc_id, bc_nickname, bc_content, bc_date FROM BOARDCOMMENT WHERE BC_BIDX = #{b_idx} ORDER BY BC_DATE	
	</select>
	
	<!-- 게시글에 작성된 댓글을 모두 삭제하는 쿼리 -->
	<delete id="deleteBoardComment" parameterType="hashmap">
		DELETE FROM BOARDCOMMENT WHERE bc_bidx = #{b_idx} 
	</delete>

	<!-- 게시글에 작성된 댓글 개별로 삭제하는 쿼리 -->
	<delete id="deleteComment" parameterType="hashmap">
		DELETE FROM BOARDCOMMENT WHERE bc_idx = #{bc_idx} 
	</delete>
	
	<!-- 댓글 수정 쿼리 -->
	<update id="editBoardComment" parameterType="hashmap">
		UPDATE BOARDCOMMENT SET jc_nickname = ${jc_nickname}, bc_content = #{bc_content} WHERE bc_idx = #{bc_idx}
	</update>
</mapper>