<?xml version="1.0" encoding="UTF-8"?>

<!DOCTYPE mapper
    PUBLIC "-//mybatis.org//DTD Mapper 3.0//EN"
    "https://mybatis.org/dtd/mybatis-3-mapper.dtd">
    
<mapper namespace="com.javalec.final_hobbyplanet.dao.ManagerDAO">
	<!-- 전체 사용자 보기 - 페이징 처리를 위한 쿼리문 -->
	<select id="listUserPaging" parameterType="com.javalec.final_hobbyplanet.dto.SearchCriteria" resultType="com.javalec.final_hobbyplanet.dto.UserDTO">
  		SELECT u_id, u_nickname, u_name, u_email, u_tel1, u_tel2, u_tel3, u_regdate
		  FROM (
		  		SELECT u_id, u_nickname, u_name, u_email, u_tel1, u_tel2, u_tel3, u_regdate
		  			 , ROW_NUMBER() OVER (ORDER BY u_id) AS RN
		          FROM USERTABLE
		         WHERE 1 = 1
					<include refid="search"></include>)		          
		 WHERE RN BETWEEN #{rowStart} AND #{rowEnd}
		 ORDER BY u_id
    </select>
	
	<!-- 전체 회원 수 - 페이징, 검색 포함 -->
	<select id="countUser" parameterType="com.javalec.final_hobbyplanet.dto.SearchCriteria" resultType="int">
		SELECT count(u_id)
		  FROM USERTABLE
		 WHERE 1 = 1
			<include refid="search"></include>
	</select>
	
	<!-- 검색 기능 searchType에 따른 쿼리문 - 페이징, 검색에 사용 -->
	<sql id="search">
		<if test="searchType != null">
			<if test="searchType == 'id'.toString()">AND u_id LIKE '%' || #{keyword} || '%'</if> 
			<if test="searchType == 'nickname'.toString()">AND u_nickname LIKE '%' || #{keyword} || '%'</if> 
			<if test="searchType == 'name'.toString()">AND u_name LIKE '%' || #{keyword} || '%'</if> 
			<if test="searchType == 'email'.toString()">AND u_email LIKE '%' || #{keyword} || '%'</if> 
		</if>
	</sql>
	
	<!-- 관리자 메인페이지 : 오늘 가입한 회원수 -->
	<select id="countRegdate" resultType="int">
		<![CDATA[
			SELECT COUNT(*) FROM USERTABLE WHERE TO_CHAR(u_regdate,'yy/MM/dd') = TO_CHAR(sysdate,'yy/MM/dd')
		]]>
	</select>
</mapper>